代码,方向,数量,限价,名义金额,备注
US.DBC,买入,10554,33.23,349970.64,GTAA 2026-09-11 w=0.3500
US.SPY,买入,421,765.82,321766.08,GTAA 2026-09-11 w=0.3218
US.EFA,买入,2064,106.91,220228.79,GTAA 2026-09-11 w=0.2203
US.IWM,买入,601,289.47,173622.9,GTAA 2026-09-11 w=0.1739
US.QQQ,买入,230,716.31,164422.4,GTAA 2026-09-11 w=0.1645
US.EEM,买入,2247,67.98,152436.47,GTAA 2026-09-11 w=0.1525
US.UUP,买入,822,28.13,23073.54,GTAA 2026-09-11 w=0.0231
US.VNQ,买入,198,94.99,18770.4,GTAA 2026-09-11 w=0.0188
US.SLV,买入,43,58.24,2499.16,GTAA 2026-09-11 w=0.0025
