代码,名称,资产类别,趋势分数,年化波动,目标权重,参考价
US.DBC,大宗商品指数,商品,1.0,0.20286899152650534,0.24519085965613172,33.15999984741211
US.SPY,标普500,股票-美国,0.61638479870415,0.14349121504066925,0.22543811992175355,764.2899780273438
US.EFA,发达市场(除美股),股票-非美,0.4725801257037761,0.16068787588846675,0.15434518689154006,106.69999694824219
US.IWM,罗素2000,股票-美国,0.4493516701208906,0.19363134309604124,0.12178994930385115,288.8900146484375
US.QQQ,纳斯达克100,股票-美国,0.4603311855709984,0.20959149752924966,0.11526500787263982,714.8800048828125
US.EEM,新兴市场,股票-非美,0.5034898365031392,0.24736940438633695,0.10681825335101018,67.83999633789062
US.UUP,美元指数,外汇,0.01874598448651759,0.06086325948560478,0.016164184307712465,28.06999969482422
US.VNQ,美国REITs,不动产,0.03744468992230202,0.1488299572419497,0.01320385142937535,94.80000305175781
US.SLV,白银,贵金属,0.018241478137016525,0.5364422614566763,0.0017845872659856571,58.119998931884766
US.IEF,7-10年美债,利率债,-0.8435511224378325,0.052478047227757965,0.0,91.01000213623047
US.TLT,20年+美债,利率债,-0.6382532232499526,0.10594717124147593,0.0,80.87000274658203
US.GLD,黄金,贵金属,-0.0282909423984023,0.26466890246724245,0.0,398.7699890136719
US.EMB,新兴市场美元债,信用债,-0.24789743482345875,0.06294575733885013,0.0,93.33999633789062
US.LQD,美国投资级债,信用债,-0.7059724673782268,0.05986882395382401,0.0,104.31999969482422
US.HYG,美国高收益债,信用债,-0.12489356651932641,0.04322905690338977,0.0,78.5999984741211
