窗口,策略,策略回撤,标普500,标普500回撤
互联网泡沫破裂,-0.13526416989288526,0.13735979255401898,-0.4751587708696441,0.4751587708696441
全球金融危机,0.10603861619948574,0.134199143550635,-0.5518946344524848,0.5518946344524848
闪电崩盘,-0.07315109731736869,0.09253710217278532,-0.1569965450976093,0.1569965450976093
欧债危机,-0.009501499845477546,0.087612768046325,-0.1860548752553397,0.1860548752553397
人民币汇改+油价崩,-0.0823807612073022,0.1168801806114057,-0.12196890822468531,0.12820722348712799
2018 四季度急跌,-0.09479914876794915,0.1146809994000989,-0.19348892221428682,0.19348892221428682
新冠崩盘,-0.16988210250026792,0.2566312108285569,-0.337172726376749,0.337172726376749
通胀冲击(股债双杀),0.025846517755637288,0.08497530885136795,-0.24496383608407224,0.24496383608407224
2025 关税冲击,-0.08554025636235596,0.08554025636235596,-0.18755234489427297,0.18755234489427297
