目标波动,总仓位上限,年化,最大回撤,波动,夏普,Calmar,最差年,最差月,平均仓位,年换手
0.08,1.0,0.08052450086768381,0.1321588109209585,0.07834161362826725,1.0279699433639136,0.6093010394580796,-0.02157080225726682,-0.0459979787262893,0.8754907747768708,4.2131128721169455
0.1,1.0,0.08778024529599349,0.13472548676285923,0.08559667279508709,1.0260093923409752,0.6515489192516506,-0.023060541624725928,-0.047825806474858124,0.9245939736898302,4.447612973779764
0.12,1.0,0.09090206241359344,0.14845662433065188,0.09004984808492067,1.0114515670653994,0.612313952465541,-0.02593881909821949,-0.051023628547894995,0.9490448949218315,4.552304887401793
0.15,1.0,0.09393096239883825,0.14966601317084915,0.09393557151741673,1.0029507104652675,0.6276038254029835,-0.030304900675181545,-0.06213459488729989,0.9660463570293019,4.629274873471552
0.2,1.0,0.09661457879088897,0.15299432937564317,0.09587377675269262,1.0101620949384744,0.6314912401339634,-0.031915539289159356,-0.06718230858264074,0.9724051308701362,4.589383366140209
0.08,1.5,0.08814493251427646,0.19610168297770258,0.09017431729122549,0.9821576814033276,0.44948585435801097,-0.03552238789491413,-0.06360470853458355,1.0621209113708832,4.984081682607346
0.1,1.5,0.09984807721907085,0.19928762023504654,0.10470344310531823,0.9616410367472357,0.5010249864056114,-0.037839071935151125,-0.07248922509003863,1.1868426774809142,5.496780335137039
0.12,1.5,0.1106668143465468,0.1968607710607576,0.11645673303967406,0.9598621761927046,0.5621577816150656,-0.04701532114377227,-0.07335618796230803,1.272592088728543,5.848178605616381
0.15,1.5,0.11950738665341976,0.1941335781096828,0.12725915775030092,0.9510803514571669,0.6155935918818729,-0.058761253406028335,-0.07749001273567202,1.3442263184226286,6.091515331845327
0.2,1.5,0.124973330995656,0.2062794107132213,0.13550802484081945,0.9371599941747453,0.6058449098897195,-0.06049064682129324,-0.07990794975582027,1.3939988637878016,6.253318552392493
0.08,2.0,0.08434080614189243,0.21451328487461108,0.09198246148204105,0.9265999043567799,0.3931728806036044,-0.1169166685507469,-0.15314091566985544,1.114130262297873,5.192309084778564
0.1,2.0,0.10456664930647852,0.24371646347449838,0.11229017792692692,0.9422039307276755,0.42905041299116015,-0.048750353478249076,-0.07828454115307226,1.3030145934004782,5.934242938965782
0.12,2.0,0.11658440941386261,0.2566312108285569,0.12824114615663185,0.9244502770682631,0.454287726880372,-0.05328600804587491,-0.09008582731509374,1.4440472193459855,6.45582260834528
0.15,2.0,0.1318677739245686,0.2559605001398567,0.14735457443796868,0.9147889255001377,0.5151879835072838,-0.06755219915727495,-0.10432850468071508,1.597187139903839,6.95852494499472
0.2,2.0,0.14737941239478847,0.25318493255151486,0.16447785482573563,0.9186480261377483,0.5821018293211487,-0.07481559007448968,-0.10733795721017192,1.7221971425773228,7.358152178882132
0.08,2.5,0.08420505077059093,0.21887558163793208,0.09243155765870185,0.9211931420661105,0.3847165140142697,-0.11901627408046722,-0.15314091566985555,1.1224506081536116,5.218528880574848
0.1,2.5,0.09746138576007168,0.255157558829598,0.11210764885717726,0.8860082187294128,0.3819655047929008,-0.13899993330863658,-0.1781454275276373,1.3227086097295813,5.99228202873843
0.12,2.5,0.11931738879898512,0.2692705172865304,0.13180619407626815,0.9215483586826163,0.4431134533455798,-0.05454283642081259,-0.09008582731509396,1.5063789991944692,6.629038929286174
0.15,2.5,0.13555624422187784,0.2827959897423429,0.15437385566649078,0.9012036135588979,0.4793428801638381,-0.06740847486534784,-0.10534647148194554,1.7075539101385437,7.263179263349111
0.2,2.5,0.15466279330272714,0.2874079333450337,0.18083560085382397,0.886329284139739,0.5381298682422041,-0.08359874959013991,-0.1179363682612301,1.9195717069281575,7.897739683814991
