维度,取值,年化,最大回撤,波动,夏普,Calmar,最差年,最差月
回看窗口,"(63,)",0.09097751613565497,0.2786975823289449,0.12640830510320203,0.7524482774813813,0.32643812470635214,-0.16296557585666904,-0.08899463495407156
回看窗口,"(126,)",0.10172824292266158,0.2940187817805746,0.1299965229332459,0.8107184991905294,0.34599232847165895,-0.07932526762204528,-0.09179232378278135
回看窗口,"(252,)",0.09390360417741017,0.2654329388695277,0.12993449585271846,0.7560880259129082,0.3537752495125258,-0.13349871693877402,-0.09698427788131136
回看窗口,"(63, 126)",0.10729277666234882,0.24753603607466712,0.12799833325275176,0.8606621964409255,0.43344305889258433,-0.1344202320717277,-0.08488085540829715
回看窗口,"(126, 252)",0.10377912231226771,0.267311555400645,0.1283231255837279,0.834021370185008,0.38823283249661306,-0.09014281153465842,-0.09558650316984019
回看窗口,"(63, 126, 252)",0.11658440941386261,0.2566312108285569,0.12824114615663185,0.9244502770682631,0.454287726880372,-0.05328600804587491,-0.09008582731509374
回看窗口,"(21, 63, 126, 252)",0.10529342353432902,0.2114571461413074,0.12563609204097345,0.8600272058232128,0.49794213842253465,-0.09530506511577452,-0.08577672416073345
回看窗口,"(126, 252, 504)",0.08807754636678311,0.2631104232897199,0.12961040359352996,0.7164185322392183,0.3347550631614389,-0.13430697448514461,-0.10097770181799981
波动率半衰期,20,0.11003785231853525,0.2472958006067888,0.124346853274993,0.9020719103377696,0.4449645001999054,-0.056311692147548276,-0.08453825179150165
波动率半衰期,40,0.11321264768220418,0.256831999190678,0.1262823104019211,0.9128129390417546,0.44080429245170694,-0.05529579147529584,-0.08608452108518538
波动率半衰期,60,0.11451536419816133,0.25898183593292723,0.1273436179639682,0.9154675469599254,0.44217527374321053,-0.05554044654558654,-0.0876657191061655
波动率半衰期,90,0.11554993479039455,0.25828069169231915,0.12800192850602624,0.9186837927883267,0.4473812348622838,-0.05406856592994891,-0.08906454374406292
波动率半衰期,120,0.11658440941386261,0.2566312108285569,0.12824114615663185,0.9244502770682631,0.454287726880372,-0.05328600804587491,-0.09008582731509374
波动率半衰期,180,0.11797026888545137,0.255644268670166,0.1282347743622715,0.9341788007558007,0.46146259996017136,-0.05186098025239039,-0.09095496044408613
打分/趋势门,cont/linear,0.11658440941386261,0.2566312108285569,0.12824114615663185,0.9244502770682631,0.454287726880372,-0.05328600804587491,-0.09008582731509374
打分/趋势门,cont/binary,0.10257788164747517,0.2631937569750187,0.12410110371892981,0.8492367827199988,0.38974283746863897,-0.09514191213349488,-0.09652210408005713
打分/趋势门,sign/linear,0.10971044677364139,0.26304882075470215,0.12627915715435187,0.8878662665985119,0.41707256644936036,-0.1162394835364845,-0.09649419211802146
打分/趋势门,sign/binary,0.09809169373085758,0.2765050908763508,0.1273381252918902,0.7988488769728677,0.35475547093895216,-0.12754674233832775,-0.09652826693931271
动量缩放,1.0,0.11497654154345316,0.25437402241160934,0.12656346258319123,0.9235865887910939,0.4519979691849452,-0.056895454030932546,-0.09311653971804534
动量缩放,1.5,0.11658440941386261,0.2566312108285569,0.12824114615663185,0.9244502770682631,0.454287726880372,-0.05328600804587491,-0.09008582731509374
动量缩放,2.5,0.11521761342422221,0.25065648271852015,0.12924987093710844,0.908798773930961,0.45966340935856903,-0.055603066284792946,-0.09034432808865422
调仓频率,M,0.11658440941386261,0.2566312108285569,0.12824114615663185,0.9244502770682631,0.454287726880372,-0.05328600804587491,-0.09008582731509374
调仓频率,W,0.09532960632199328,0.19259806343571118,0.12045108134983386,0.8165259886701106,0.49496658804055993,-0.09409940081345403,-0.08570650485117481
权重/杠杆上限,0.2/1.0,0.09023478019750075,0.13201995834220437,0.0872854761612275,1.0336677929588745,0.6834934757637652,-0.03440260091118974,-0.051943537384670724
权重/杠杆上限,0.35/1.5,0.1106668143465468,0.1968607710607576,0.11645673303967406,0.9598621761927046,0.5621577816150656,-0.04701532114377227,-0.07335618796230803
权重/杠杆上限,0.35/2.0,0.11658440941386261,0.2566312108285569,0.12824114615663185,0.9244502770682631,0.454287726880372,-0.05328600804587491,-0.09008582731509374
权重/杠杆上限,0.5/2.0,0.1173046919046501,0.259602607597613,0.1310621941991709,0.9122780826424728,0.45186253323954934,-0.06361158458347815,-0.09554806249432635
权重/杠杆上限,0.35/3.0,0.11942656258327888,0.27452506817838696,0.13234209884483372,0.9190921412703298,0.435029716505435,-0.046641361535650794,-0.09008582731509407
调速器档位(×目标波动),"((1.0, 0.6), (1.5, 0.3), (2.0, 0.0))",0.09259510571981289,0.19730225750740782,0.11716360161259783,0.8147659536232378,0.46930586040728073,-0.09223478068722624,-0.11617570487341045
调速器档位(×目标波动),"((2.0, 0.6), (3.0, 0.3), (4.0, 0.0))",0.10744045746820063,0.2571056605659252,0.12673766254944369,0.8690327808994135,0.41788444965275867,-0.12825588575833657,-0.18635987513860508
调速器档位(×目标波动),"((2.5, 0.6), (3.5, 0.3), (4.5, 0.0))",0.11658440941386261,0.2566312108285569,0.12824114615663185,0.9244502770682631,0.454287726880372,-0.05328600804587491,-0.09008582731509374
调速器档位(×目标波动),关,0.11658440941386261,0.2566312108285569,0.12824114615663185,0.9244502770682631,0.454287726880372,-0.05328600804587491,-0.09008582731509374
篮子,extended(20 只),0.10951845932577564,0.24888672546639412,0.12622455626776216,0.8868731299739134,0.44003334898856766,-0.10697594168411717,-0.08714332866438279
做空,long-short,0.09266914474511112,0.27008979076499595,0.13163411928295476,0.7392874484015918,0.34310495218141057,-0.18689636795463305,-0.09778924392159138
